Workbook

Sheet task

Sheet data
A1: Home | B1: Away | C1: Home Points | D1: Away Points | E1: Home Result (1 = win, -1 = loss) | F1: Away Result (1 = win, -1 = loss) | G1: Home Game # | H1: Away Game #
A2: Pittsburgh Steelers | B2: Tennessee Titans | C2: 13 | D2: 10 | E2: =SIGN(C2-D2) -> 1 | F2: =SIGN(D2-C2) -> -1 | G2: =COUNTIF($A$2:A2,A2)+COUNTIF($B$2:B2,A2) -> 1 | H2: =COUNTIF($A$2:A2,B2)+COUNTIF($B$2:B2,B2) -> 1
A3: Atlanta Falcons | B3: Miami Dolphins | C3: 19 | D3: 7 | E3: =SIGN(C3-D3) -> 1 | F3: =SIGN(D3-C3) -> -1 | G3: =COUNTIF($A$2:A3,A3)+COUNTIF($B$2:B3,A3) -> 1 | H3: =COUNTIF($A$2:A3,B3)+COUNTIF($B$2:B3,B3) -> 1
A4: Seattle Seahawks | B4: St. Louis Rams | C4: 28 | D4: 0 | E4: =SIGN(C4-D4) -> 1 | F4: =SIGN(D4-C4) -> -1 | G4: =COUNTIF($A$2:A4,A4)+COUNTIF($B$2:B4,A4) -> 1 | H4: =COUNTIF($A$2:A4,B4)+COUNTIF($B$2:B4,B4) -> 1
A5: New York Giants | B5: Washington Redskins | C5: 23 | D5: 17 | E5: =SIGN(C5-D5) -> 1 | F5: =SIGN(D5-C5) -> -1 | G5: =COUNTIF($A$2:A5,A5)+COUNTIF($B$2:B5,A5) -> 1 | H5: =COUNTIF($A$2:A5,B5)+COUNTIF($B$2:B5,B5) -> 1
A6: Baltimore Ravens | B6: Kansas City Chiefs | C6: 38 | D6: 24 | E6: =SIGN(C6-D6) -> 1 | F6: =SIGN(D6-C6) -> -1 | G6: =COUNTIF($A$2:A6,A6)+COUNTIF($B$2:B6,A6) -> 1 | H6: =COUNTIF($A$2:A6,B6)+COUNTIF($B$2:B6,B6) -> 1
A7: Houston Texans | B7: New York Jets | C7: 7 | D7: 24 | E7: =SIGN(C7-D7) -> -1 | F7: =SIGN(D7-C7) -> 1 | G7: =COUNTIF($A$2:A7,A7)+COUNTIF($B$2:B7,A7) -> 1 | H7: =COUNTIF($A$2:A7,B7)+COUNTIF($B$2:B7,B7) -> 1
A8: New Orleans Saints | B8: Detroit Lions | C8: 45 | D8: 27 | E8: =SIGN(C8-D8) -> 1 | F8: =SIGN(D8-C8) -> -1 | G8: =COUNTIF($A$2:A8,A8)+COUNTIF($B$2:B8,A8) -> 1 | H8: =COUNTIF($A$2:A8,B8)+COUNTIF($B$2:B8,B8) -> 1
A9: Tampa Bay Buccaneers | B9: Dallas Cowboys | C9: 21 | D9: 34 | E9: =SIGN(C9-D9) -> -1 | F9: =SIGN(D9-C9) -> 1 | G9: =COUNTIF($A$2:A9,A9)+COUNTIF($B$2:B9,A9) -> 1 | H9: =COUNTIF($A$2:A9,B9)+COUNTIF($B$2:B9,B9) -> 1
A10: Arizona Cardinals | B10: San Francisco 49ers | C10: 16 | D10: 20 | E10: =SIGN(C10-D10) -> -1 | F10: =SIGN(D10-C10) -> 1 | G10: =COUNTIF($A$2:A10,A10)+COUNTIF($B$2:B10,A10) -> 1 | H10: =COUNTIF($A$2:A10,B10)+COUNTIF($B$2:B10,B10) -> 1
A11: Carolina Panthers | B11: Philadelphia Eagles | C11: 10 | D11: 38 | E11: =SIGN(C11-D11) -> -1 | F11: =SIGN(D11-C11) -> 1 | G11: =COUNTIF($A$2:A11,A11)+COUNTIF($B$2:B11,A11) -> 1 | H11: =COUNTIF($A$2:A11,B11)+COUNTIF($B$2:B11,B11) -> 1
A12: Green Bay Packers | B12: Chicago Bears | C12: 21 | D12: 15 | E12: =SIGN(C12-D12) -> 1 | F12: =SIGN(D12-C12) -> -1 | G12: =COUNTIF($A$2:A12,A12)+COUNTIF($B$2:B12,A12) -> 1 | H12: =COUNTIF($A$2:A12,B12)+COUNTIF($B$2:B12,B12) -> 1
A13: Cincinnati Bengals | B13: Denver Broncos | C13: 7 | D13: 12 | E13: =SIGN(C13-D13) -> -1 | F13: =SIGN(D13-C13) -> 1 | G13: =COUNTIF($A$2:A13,A13)+COUNTIF($B$2:B13,A13) -> 1 | H13: =COUNTIF($A$2:A13,B13)+COUNTIF($B$2:B13,B13) -> 1
... A257: Arizona Cardinals | B257: Green Bay Packers | C257: 7 | D257: 33 | E257: =SIGN(C257-D257) -> -1 | F257: =SIGN(D257-C257) -> 1 | G257: =COUNTIF($A$2:A257,A257)+COUNTIF($B$2:B257,A257) -> 16 | H257: =COUNTIF($A$2:A257,B257)+COUNTIF($B$2:B257,B257) -> 16

Sheet result
A1: Team | B1: 1 | C1: 2 | D1: 3 | E1: 4 | F1: 5 | G1: 6 | H1: 7 | I1: 8 | J1: 9 | K1: 10 | L1: 11 | M1: 12 | N1: 13 | O1: 14 | P1: 15 | Q1: 16 | R1: Season (blue = win, red = loss) | S1: Wins | T1: Losses
A2: Arizona Cardinals | B2: =SUMPRODUCT((data!$A$2:$A$257=$A2)*(data!$G$2:$G$257=B$1)*data!$E$2:$E$257)+SUMPRODUCT((data!$B$2:$B$257=$A2)*(data!$H$2:$H$257=B$1)*data!$F$2:$F$257) -> -1 | C2: =SUMPRODUCT((data!$A$2:$A$257=$A2)*(data!$G$2:$G$257=C$1)*data!$E$2:$E$257)+SUMPRODUCT((data!$B$2:$B$257=$A2)*(data!$H$2:$H$257=C$1)*data!$F$2:$F$257) -> 1 | D2: =SUMPRODUCT((data!$A$2:$A$257=$A2)*(data!$G$2:$G$257=D$1)*data!$E$2:$E$257)+SUMPRODUCT((data!$B$2:$B$257=$A2)*(data!$H$2:$H$257=D$1)*data!$F$2:$F$257) -> -1 | E2: =SUMPRODUCT((data!$A$2:$A$257=$A2)*(data!$G$2:$G$257=E$1)*data!$E$2:$E$257)+SUMPRODUCT((data!$B$2:$B$257=$A2)*(data!$H$2:$H$257=E$1)*data!$F$2:$F$257) -> 1 | F2: =SUMPRODUCT((data!$A$2:$A$257=$A2)*(data!$G$2:$G$257=F$1)*data!$E$2:$E$257)+SUMPRODUCT((data!$B$2:$B$257=$A2)*(data!$H$2:$H$257=F$1)*data!$F$2:$F$257) -> 1 | G2: =SUMPRODUCT((data!$A$2:$A$257=$A2)*(data!$G$2:$G$257=G$1)*data!$E$2:$E$257)+SUMPRODUCT((data!$B$2:$B$257=$A2)*(data!$H$2:$H$257=G$1)*data!$F$2:$F$257) -> 1 | H2: =SUMPRODUCT((data!$A$2:$A$257=$A2)*(data!$G$2:$G$257=H$1)*data!$E$2:$E$257)+SUMPRODUCT((data!$B$2:$B$257=$A2)*(data!$H$2:$H$257=H$1)*data!$F$2:$F$257) -> -1 | I2: =SUMPRODUCT((data!$A$2:$A$257=$A2)*(data!$G$2:$G$257=I$1)*data!$E$2:$E$257)+SUMPRODUCT((data!$B$2:$B$257=$A2)*(data!$H$2:$H$257=I$1)*data!$F$2:$F$257) -> 1 | ... Q2: =SUMPRODUCT((data!$A$2:$A$257=$A2)*(data!$G$2:$G$257=Q$1)*data!$E$2:$E$257)+SUMPRODUCT((data!$B$2:$B$257=$A2)*(data!$H$2:$H$257=Q$1)*data!$F$2:$F$257) -> -1 | S2: =COUNTIF(B2:Q2,1) -> 10 | T2: =COUNTIF(B2:Q2,-1) -> 6
A3: Atlanta Falcons | B3: =SUMPRODUCT((data!$A$2:$A$257=$A3)*(data!$G$2:$G$257=B$1)*data!$E$2:$E$257)+SUMPRODUCT((data!$B$2:$B$257=$A3)*(data!$H$2:$H$257=B$1)*data!$F$2:$F$257) -> 1 | C3: =SUMPRODUCT((data!$A$2:$A$257=$A3)*(data!$G$2:$G$257=C$1)*data!$E$2:$E$257)+SUMPRODUCT((data!$B$2:$B$257=$A3)*(data!$H$2:$H$257=C$1)*data!$F$2:$F$257) -> 1 | D3: =SUMPRODUCT((data!$A$2:$A$257=$A3)*(data!$G$2:$G$257=D$1)*data!$E$2:$E$257)+SUMPRODUCT((data!$B$2:$B$257=$A3)*(data!$H$2:$H$257=D$1)*data!$F$2:$F$257) -> -1 | E3: =SUMPRODUCT((data!$A$2:$A$257=$A3)*(data!$G$2:$G$257=E$1)*data!$E$2:$E$257)+SUMPRODUCT((data!$B$2:$B$257=$A3)*(data!$H$2:$H$257=E$1)*data!$F$2:$F$257) -> 1 | F3: =SUMPRODUCT((data!$A$2:$A$257=$A3)*(data!$G$2:$G$257=F$1)*data!$E$2:$E$257)+SUMPRODUCT((data!$B$2:$B$257=$A3)*(data!$H$2:$H$257=F$1)*data!$F$2:$F$257) -> 1 | G3: =SUMPRODUCT((data!$A$2:$A$257=$A3)*(data!$G$2:$G$257=G$1)*data!$E$2:$E$257)+SUMPRODUCT((data!$B$2:$B$257=$A3)*(data!$H$2:$H$257=G$1)*data!$F$2:$F$257) -> -1 | H3: =SUMPRODUCT((data!$A$2:$A$257=$A3)*(data!$G$2:$G$257=H$1)*data!$E$2:$E$257)+SUMPRODUCT((data!$B$2:$B$257=$A3)*(data!$H$2:$H$257=H$1)*data!$F$2:$F$257) -> -1 | I3: =SUMPRODUCT((data!$A$2:$A$257=$A3)*(data!$G$2:$G$257=I$1)*data!$E$2:$E$257)+SUMPRODUCT((data!$B$2:$B$257=$A3)*(data!$H$2:$H$257=I$1)*data!$F$2:$F$257) -> 1 | ... Q3: =SUMPRODUCT((data!$A$2:$A$257=$A3)*(data!$G$2:$G$257=Q$1)*data!$E$2:$E$257)+SUMPRODUCT((data!$B$2:$B$257=$A3)*(data!$H$2:$H$257=Q$1)*data!$F$2:$F$257) -> 1 | S3: =COUNTIF(B3:Q3,1) -> 9 | T3: =COUNTIF(B3:Q3,-1) -> 7
A4: Baltimore Ravens | B4: =SUMPRODUCT((data!$A$2:$A$257=$A4)*(data!$G$2:$G$257=B$1)*data!$E$2:$E$257)+SUMPRODUCT((data!$B$2:$B$257=$A4)*(data!$H$2:$H$257=B$1)*data!$F$2:$F$257) -> 1 | C4: =SUMPRODUCT((data!$A$2:$A$257=$A4)*(data!$G$2:$G$257=C$1)*data!$E$2:$E$257)+SUMPRODUCT((data!$B$2:$B$257=$A4)*(data!$H$2:$H$257=C$1)*data!$F$2:$F$257) -> 1 | D4: =SUMPRODUCT((data!$A$2:$A$257=$A4)*(data!$G$2:$G$257=D$1)*data!$E$2:$E$257)+SUMPRODUCT((data!$B$2:$B$257=$A4)*(data!$H$2:$H$257=D$1)*data!$F$2:$F$257) -> 1 | E4: =SUMPRODUCT((data!$A$2:$A$257=$A4)*(data!$G$2:$G$257=E$1)*data!$E$2:$E$257)+SUMPRODUCT((data!$B$2:$B$257=$A4)*(data!$H$2:$H$257=E$1)*data!$F$2:$F$257) -> -1 | F4: =SUMPRODUCT((data!$A$2:$A$257=$A4)*(data!$G$2:$G$257=F$1)*data!$E$2:$E$257)+SUMPRODUCT((data!$B$2:$B$257=$A4)*(data!$H$2:$H$257=F$1)*data!$F$2:$F$257) -> -1 | G4: =SUMPRODUCT((data!$A$2:$A$257=$A4)*(data!$G$2:$G$257=G$1)*data!$E$2:$E$257)+SUMPRODUCT((data!$B$2:$B$257=$A4)*(data!$H$2:$H$257=G$1)*data!$F$2:$F$257) -> -1 | H4: =SUMPRODUCT((data!$A$2:$A$257=$A4)*(data!$G$2:$G$257=H$1)*data!$E$2:$E$257)+SUMPRODUCT((data!$B$2:$B$257=$A4)*(data!$H$2:$H$257=H$1)*data!$F$2:$F$257) -> 1 | I4: =SUMPRODUCT((data!$A$2:$A$257=$A4)*(data!$G$2:$G$257=I$1)*data!$E$2:$E$257)+SUMPRODUCT((data!$B$2:$B$257=$A4)*(data!$H$2:$H$257=I$1)*data!$F$2:$F$257) -> -1 | ... Q4: =SUMPRODUCT((data!$A$2:$A$257=$A4)*(data!$G$2:$G$257=Q$1)*data!$E$2:$E$257)+SUMPRODUCT((data!$B$2:$B$257=$A4)*(data!$H$2:$H$257=Q$1)*data!$F$2:$F$257) -> 1 | S4: =COUNTIF(B4:Q4,1) -> 9 | T4: =COUNTIF(B4:Q4,-1) -> 7
A5: Buffalo Bills | B5: =SUMPRODUCT((data!$A$2:$A$257=$A5)*(data!$G$2:$G$257=B$1)*data!$E$2:$E$257)+SUMPRODUCT((data!$B$2:$B$257=$A5)*(data!$H$2:$H$257=B$1)*data!$F$2:$F$257) -> -1 | C5: =SUMPRODUCT((data!$A$2:$A$257=$A5)*(data!$G$2:$G$257=C$1)*data!$E$2:$E$257)+SUMPRODUCT((data!$B$2:$B$257=$A5)*(data!$H$2:$H$257=C$1)*data!$F$2:$F$257) -> 1 | D5: =SUMPRODUCT((data!$A$2:$A$257=$A5)*(data!$G$2:$G$257=D$1)*data!$E$2:$E$257)+SUMPRODUCT((data!$B$2:$B$257=$A5)*(data!$H$2:$H$257=D$1)*data!$F$2:$F$257) -> -1 | E5: =SUMPRODUCT((data!$A$2:$A$257=$A5)*(data!$G$2:$G$257=E$1)*data!$E$2:$E$257)+SUMPRODUCT((data!$B$2:$B$257=$A5)*(data!$H$2:$H$257=E$1)*data!$F$2:$F$257) -> -1 | F5: =SUMPRODUCT((data!$A$2:$A$257=$A5)*(data!$G$2:$G$257=F$1)*data!$E$2:$E$257)+SUMPRODUCT((data!$B$2:$B$257=$A5)*(data!$H$2:$H$257=F$1)*data!$F$2:$F$257) -> -1 | G5: =SUMPRODUCT((data!$A$2:$A$257=$A5)*(data!$G$2:$G$257=G$1)*data!$E$2:$E$257)+SUMPRODUCT((data!$B$2:$B$257=$A5)*(data!$H$2:$H$257=G$1)*data!$F$2:$F$257) -> 1 | H5: =SUMPRODUCT((data!$A$2:$A$257=$A5)*(data!$G$2:$G$257=H$1)*data!$E$2:$E$257)+SUMPRODUCT((data!$B$2:$B$257=$A5)*(data!$H$2:$H$257=H$1)*data!$F$2:$F$257) -> 1 | I5: =SUMPRODUCT((data!$A$2:$A$257=$A5)*(data!$G$2:$G$257=I$1)*data!$E$2:$E$257)+SUMPRODUCT((data!$B$2:$B$257=$A5)*(data!$H$2:$H$257=I$1)*data!$F$2:$F$257) -> -1 | ... Q5: =SUMPRODUCT((data!$A$2:$A$257=$A5)*(data!$G$2:$G$257=Q$1)*data!$E$2:$E$257)+SUMPRODUCT((data!$B$2:$B$257=$A5)*(data!$H$2:$H$257=Q$1)*data!$F$2:$F$257) -> 1 | S5: =COUNTIF(B5:Q5,1) -> 6 | T5: =COUNTIF(B5:Q5,-1) -> 10
A6: Carolina Panthers | B6: =SUMPRODUCT((data!$A$2:$A$257=$A6)*(data!$G$2:$G$257=B$1)*data!$E$2:$E$257)+SUMPRODUCT((data!$B$2:$B$257=$A6)*(data!$H$2:$H$257=B$1)*data!$F$2:$F$257) -> -1 | C6: =SUMPRODUCT((data!$A$2:$A$257=$A6)*(data!$G$2:$G$257=C$1)*data!$E$2:$E$257)+SUMPRODUCT((data!$B$2:$B$257=$A6)*(data!$H$2:$H$257=C$1)*data!$F$2:$F$257) -> -1 | D6: =SUMPRODUCT((data!$A$2:$A$257=$A6)*(data!$G$2:$G$257=D$1)*data!$E$2:$E$257)+SUMPRODUCT((data!$B$2:$B$257=$A6)*(data!$H$2:$H$257=D$1)*data!$F$2:$F$257) -> -1 | E6: =SUMPRODUCT((data!$A$2:$A$257=$A6)*(data!$G$2:$G$257=E$1)*data!$E$2:$E$257)+SUMPRODUCT((data!$B$2:$B$257=$A6)*(data!$H$2:$H$257=E$1)*data!$F$2:$F$257) -> 1 | F6: =SUMPRODUCT((data!$A$2:$A$257=$A6)*(data!$G$2:$G$257=F$1)*data!$E$2:$E$257)+SUMPRODUCT((data!$B$2:$B$257=$A6)*(data!$H$2:$H$257=F$1)*data!$F$2:$F$257) -> 1 | G6: =SUMPRODUCT((data!$A$2:$A$257=$A6)*(data!$G$2:$G$257=G$1)*data!$E$2:$E$257)+SUMPRODUCT((data!$B$2:$B$257=$A6)*(data!$H$2:$H$257=G$1)*data!$F$2:$F$257) -> -1 | H6: =SUMPRODUCT((data!$A$2:$A$257=$A6)*(data!$G$2:$G$257=H$1)*data!$E$2:$E$257)+SUMPRODUCT((data!$B$2:$B$257=$A6)*(data!$H$2:$H$257=H$1)*data!$F$2:$F$257) -> 1 | I6: =SUMPRODUCT((data!$A$2:$A$257=$A6)*(data!$G$2:$G$257=I$1)*data!$E$2:$E$257)+SUMPRODUCT((data!$B$2:$B$257=$A6)*(data!$H$2:$H$257=I$1)*data!$F$2:$F$257) -> -1 | ... Q6: =SUMPRODUCT((data!$A$2:$A$257=$A6)*(data!$G$2:$G$257=Q$1)*data!$E$2:$E$257)+SUMPRODUCT((data!$B$2:$B$257=$A6)*(data!$H$2:$H$257=Q$1)*data!$F$2:$F$257) -> 1 | S6: =COUNTIF(B6:Q6,1) -> 8 | T6: =COUNTIF(B6:Q6,-1) -> 8
A7: Chicago Bears | B7: =SUMPRODUCT((data!$A$2:$A$257=$A7)*(data!$G$2:$G$257=B$1)*data!$E$2:$E$257)+SUMPRODUCT((data!$B$2:$B$257=$A7)*(data!$H$2:$H$257=B$1)*data!$F$2:$F$257) -> -1 | C7: =SUMPRODUCT((data!$A$2:$A$257=$A7)*(data!$G$2:$G$257=C$1)*data!$E$2:$E$257)+SUMPRODUCT((data!$B$2:$B$257=$A7)*(data!$H$2:$H$257=C$1)*data!$F$2:$F$257) -> 1 | D7: =SUMPRODUCT((data!$A$2:$A$257=$A7)*(data!$G$2:$G$257=D$1)*data!$E$2:$E$257)+SUMPRODUCT((data!$B$2:$B$257=$A7)*(data!$H$2:$H$257=D$1)*data!$F$2:$F$257) -> 1 | E7: =SUMPRODUCT((data!$A$2:$A$257=$A7)*(data!$G$2:$G$257=E$1)*data!$E$2:$E$257)+SUMPRODUCT((data!$B$2:$B$257=$A7)*(data!$H$2:$H$257=E$1)*data!$F$2:$F$257) -> 1 | F7: =SUMPRODUCT((data!$A$2:$A$257=$A7)*(data!$G$2:$G$257=F$1)*data!$E$2:$E$257)+SUMPRODUCT((data!$B$2:$B$257=$A7)*(data!$H$2:$H$257=F$1)*data!$F$2:$F$257) -> -1 | G7: =SUMPRODUCT((data!$A$2:$A$257=$A7)*(data!$G$2:$G$257=G$1)*data!$E$2:$E$257)+SUMPRODUCT((data!$B$2:$B$257=$A7)*(data!$H$2:$H$257=G$1)*data!$F$2:$F$257) -> -1 | H7: =SUMPRODUCT((data!$A$2:$A$257=$A7)*(data!$G$2:$G$257=H$1)*data!$E$2:$E$257)+SUMPRODUCT((data!$B$2:$B$257=$A7)*(data!$H$2:$H$257=H$1)*data!$F$2:$F$257) -> 1 | I7: =SUMPRODUCT((data!$A$2:$A$257=$A7)*(data!$G$2:$G$257=I$1)*data!$E$2:$E$257)+SUMPRODUCT((data!$B$2:$B$257=$A7)*(data!$H$2:$H$257=I$1)*data!$F$2:$F$257) -> -1 | ... Q7: =SUMPRODUCT((data!$A$2:$A$257=$A7)*(data!$G$2:$G$257=Q$1)*data!$E$2:$E$257)+SUMPRODUCT((data!$B$2:$B$257=$A7)*(data!$H$2:$H$257=Q$1)*data!$F$2:$F$257) -> 1 | S7: =COUNTIF(B7:Q7,1) -> 7 | T7: =COUNTIF(B7:Q7,-1) -> 9
A8: Cincinnati Bengals | B8: =SUMPRODUCT((data!$A$2:$A$257=$A8)*(data!$G$2:$G$257=B$1)*data!$E$2:$E$257)+SUMPRODUCT((data!$B$2:$B$257=$A8)*(data!$H$2:$H$257=B$1)*data!$F$2:$F$257) -> -1 | C8: =SUMPRODUCT((data!$A$2:$A$257=$A8)*(data!$G$2:$G$257=C$1)*data!$E$2:$E$257)+SUMPRODUCT((data!$B$2:$B$257=$A8)*(data!$H$2:$H$257=C$1)*data!$F$2:$F$257) -> 1 | D8: =SUMPRODUCT((data!$A$2:$A$257=$A8)*(data!$G$2:$G$257=D$1)*data!$E$2:$E$257)+SUMPRODUCT((data!$B$2:$B$257=$A8)*(data!$H$2:$H$257=D$1)*data!$F$2:$F$257) -> 1 | E8: =SUMPRODUCT((data!$A$2:$A$257=$A8)*(data!$G$2:$G$257=E$1)*data!$E$2:$E$257)+SUMPRODUCT((data!$B$2:$B$257=$A8)*(data!$H$2:$H$257=E$1)*data!$F$2:$F$257) -> 1 | F8: =SUMPRODUCT((data!$A$2:$A$257=$A8)*(data!$G$2:$G$257=F$1)*data!$E$2:$E$257)+SUMPRODUCT((data!$B$2:$B$257=$A8)*(data!$H$2:$H$257=F$1)*data!$F$2:$F$257) -> 1 | G8: =SUMPRODUCT((data!$A$2:$A$257=$A8)*(data!$G$2:$G$257=G$1)*data!$E$2:$E$257)+SUMPRODUCT((data!$B$2:$B$257=$A8)*(data!$H$2:$H$257=G$1)*data!$F$2:$F$257) -> -1 | H8: =SUMPRODUCT((data!$A$2:$A$257=$A8)*(data!$G$2:$G$257=H$1)*data!$E$2:$E$257)+SUMPRODUCT((data!$B$2:$B$257=$A8)*(data!$H$2:$H$257=H$1)*data!$F$2:$F$257) -> 1 | I8: =SUMPRODUCT((data!$A$2:$A$257=$A8)*(data!$G$2:$G$257=I$1)*data!$E$2:$E$257)+SUMPRODUCT((data!$B$2:$B$257=$A8)*(data!$H$2:$H$257=I$1)*data!$F$2:$F$257) -> 1 | ... Q8: =SUMPRODUCT((data!$A$2:$A$257=$A8)*(data!$G$2:$G$257=Q$1)*data!$E$2:$E$257)+SUMPRODUCT((data!$B$2:$B$257=$A8)*(data!$H$2:$H$257=Q$1)*data!$F$2:$F$257) -> -1 | S8: =COUNTIF(B8:Q8,1) -> 10 | T8: =COUNTIF(B8:Q8,-1) -> 6
A9: Cleveland Browns | B9: =SUMPRODUCT((data!$A$2:$A$257=$A9)*(data!$G$2:$G$257=B$1)*data!$E$2:$E$257)+SUMPRODUCT((data!$B$2:$B$257=$A9)*(data!$H$2:$H$257=B$1)*data!$F$2:$F$257) -> -1 | C9: =SUMPRODUCT((data!$A$2:$A$257=$A9)*(data!$G$2:$G$257=C$1)*data!$E$2:$E$257)+SUMPRODUCT((data!$B$2:$B$257=$A9)*(data!$H$2:$H$257=C$1)*data!$F$2:$F$257) -> -1 | D9: =SUMPRODUCT((data!$A$2:$A$257=$A9)*(data!$G$2:$G$257=D$1)*data!$E$2:$E$257)+SUMPRODUCT((data!$B$2:$B$257=$A9)*(data!$H$2:$H$257=D$1)*data!$F$2:$F$257) -> -1 | E9: =SUMPRODUCT((data!$A$2:$A$257=$A9)*(data!$G$2:$G$257=E$1)*data!$E$2:$E$257)+SUMPRODUCT((data!$B$2:$B$257=$A9)*(data!$H$2:$H$257=E$1)*data!$F$2:$F$257) -> -1 | F9: =SUMPRODUCT((data!$A$2:$A$257=$A9)*(data!$G$2:$G$257=F$1)*data!$E$2:$E$257)+SUMPRODUCT((data!$B$2:$B$257=$A9)*(data!$H$2:$H$257=F$1)*data!$F$2:$F$257) -> 1 | G9: =SUMPRODUCT((data!$A$2:$A$257=$A9)*(data!$G$2:$G$257=G$1)*data!$E$2:$E$257)+SUMPRODUCT((data!$B$2:$B$257=$A9)*(data!$H$2:$H$257=G$1)*data!$F$2:$F$257) -> -1 | H9: =SUMPRODUCT((data!$A$2:$A$257=$A9)*(data!$G$2:$G$257=H$1)*data!$E$2:$E$257)+SUMPRODUCT((data!$B$2:$B$257=$A9)*(data!$H$2:$H$257=H$1)*data!$F$2:$F$257) -> -1 | I9: =SUMPRODUCT((data!$A$2:$A$257=$A9)*(data!$G$2:$G$257=I$1)*data!$E$2:$E$257)+SUMPRODUCT((data!$B$2:$B$257=$A9)*(data!$H$2:$H$257=I$1)*data!$F$2:$F$257) -> -1 | ... Q9: =SUMPRODUCT((data!$A$2:$A$257=$A9)*(data!$G$2:$G$257=Q$1)*data!$E$2:$E$257)+SUMPRODUCT((data!$B$2:$B$257=$A9)*(data!$H$2:$H$257=Q$1)*data!$F$2:$F$257) -> 1 | S9: =COUNTIF(B9:Q9,1) -> 5 | T9: =COUNTIF(B9:Q9,-1) -> 11
A10: Dallas Cowboys | B10: =SUMPRODUCT((data!$A$2:$A$257=$A10)*(data!$G$2:$G$257=B$1)*data!$E$2:$E$257)+SUMPRODUCT((data!$B$2:$B$257=$A10)*(data!$H$2:$H$257=B$1)*data!$F$2:$F$257) -> 1 | C10: =SUMPRODUCT((data!$A$2:$A$257=$A10)*(data!$G$2:$G$257=C$1)*data!$E$2:$E$257)+SUMPRODUCT((data!$B$2:$B$257=$A10)*(data!$H$2:$H$257=C$1)*data!$F$2:$F$257) -> -1 | D10: =SUMPRODUCT((data!$A$2:$A$257=$A10)*(data!$G$2:$G$257=D$1)*data!$E$2:$E$257)+SUMPRODUCT((data!$B$2:$B$257=$A10)*(data!$H$2:$H$257=D$1)*data!$F$2:$F$257) -> 1 | E10: =SUMPRODUCT((data!$A$2:$A$257=$A10)*(data!$G$2:$G$257=E$1)*data!$E$2:$E$257)+SUMPRODUCT((data!$B$2:$B$257=$A10)*(data!$H$2:$H$257=E$1)*data!$F$2:$F$257) -> -1 | F10: =SUMPRODUCT((data!$A$2:$A$257=$A10)*(data!$G$2:$G$257=F$1)*data!$E$2:$E$257)+SUMPRODUCT((data!$B$2:$B$257=$A10)*(data!$H$2:$H$257=F$1)*data!$F$2:$F$257) -> 1 | G10: =SUMPRODUCT((data!$A$2:$A$257=$A10)*(data!$G$2:$G$257=G$1)*data!$E$2:$E$257)+SUMPRODUCT((data!$B$2:$B$257=$A10)*(data!$H$2:$H$257=G$1)*data!$F$2:$F$257) -> 1 | H10: =SUMPRODUCT((data!$A$2:$A$257=$A10)*(data!$G$2:$G$257=H$1)*data!$E$2:$E$257)+SUMPRODUCT((data!$B$2:$B$257=$A10)*(data!$H$2:$H$257=H$1)*data!$F$2:$F$257) -> 1 | I10: =SUMPRODUCT((data!$A$2:$A$257=$A10)*(data!$G$2:$G$257=I$1)*data!$E$2:$E$257)+SUMPRODUCT((data!$B$2:$B$257=$A10)*(data!$H$2:$H$257=I$1)*data!$F$2:$F$257) -> 1 | ... Q10: =SUMPRODUCT((data!$A$2:$A$257=$A10)*(data!$G$2:$G$257=Q$1)*data!$E$2:$E$257)+SUMPRODUCT((data!$B$2:$B$257=$A10)*(data!$H$2:$H$257=Q$1)*data!$F$2:$F$257) -> 1 | S10: =COUNTIF(B10:Q10,1) -> 11 | T10: =COUNTIF(B10:Q10,-1) -> 5
A11: Denver Broncos | B11: =SUMPRODUCT((data!$A$2:$A$257=$A11)*(data!$G$2:$G$257=B$1)*data!$E$2:$E$257)+SUMPRODUCT((data!$B$2:$B$257=$A11)*(data!$H$2:$H$257=B$1)*data!$F$2:$F$257) -> 1 | C11: =SUMPRODUCT((data!$A$2:$A$257=$A11)*(data!$G$2:$G$257=C$1)*data!$E$2:$E$257)+SUMPRODUCT((data!$B$2:$B$257=$A11)*(data!$H$2:$H$257=C$1)*data!$F$2:$F$257) -> 1 | D11: =SUMPRODUCT((data!$A$2:$A$257=$A11)*(data!$G$2:$G$257=D$1)*data!$E$2:$E$257)+SUMPRODUCT((data!$B$2:$B$257=$A11)*(data!$H$2:$H$257=D$1)*data!$F$2:$F$257) -> 1 | E11: =SUMPRODUCT((data!$A$2:$A$257=$A11)*(data!$G$2:$G$257=E$1)*data!$E$2:$E$257)+SUMPRODUCT((data!$B$2:$B$257=$A11)*(data!$H$2:$H$257=E$1)*data!$F$2:$F$257) -> 1 | F11: =SUMPRODUCT((data!$A$2:$A$257=$A11)*(data!$G$2:$G$257=F$1)*data!$E$2:$E$257)+SUMPRODUCT((data!$B$2:$B$257=$A11)*(data!$H$2:$H$257=F$1)*data!$F$2:$F$257) -> 1 | G11: =SUMPRODUCT((data!$A$2:$A$257=$A11)*(data!$G$2:$G$257=G$1)*data!$E$2:$E$257)+SUMPRODUCT((data!$B$2:$B$257=$A11)*(data!$H$2:$H$257=G$1)*data!$F$2:$F$257) -> 1 | H11: =SUMPRODUCT((data!$A$2:$A$257=$A11)*(data!$G$2:$G$257=H$1)*data!$E$2:$E$257)+SUMPRODUCT((data!$B$2:$B$257=$A11)*(data!$H$2:$H$257=H$1)*data!$F$2:$F$257) -> -1 | I11: =SUMPRODUCT((data!$A$2:$A$257=$A11)*(data!$G$2:$G$257=I$1)*data!$E$2:$E$257)+SUMPRODUCT((data!$B$2:$B$257=$A11)*(data!$H$2:$H$257=I$1)*data!$F$2:$F$257) -> -1 | ... Q11: =SUMPRODUCT((data!$A$2:$A$257=$A11)*(data!$G$2:$G$257=Q$1)*data!$E$2:$E$257)+SUMPRODUCT((data!$B$2:$B$257=$A11)*(data!$H$2:$H$257=Q$1)*data!$F$2:$F$257) -> -1 | S11: =COUNTIF(B11:Q11,1) -> 8 | T11: =COUNTIF(B11:Q11,-1) -> 8
A12: Detroit Lions | B12: =SUMPRODUCT((data!$A$2:$A$257=$A12)*(data!$G$2:$G$257=B$1)*data!$E$2:$E$257)+SUMPRODUCT((data!$B$2:$B$257=$A12)*(data!$H$2:$H$257=B$1)*data!$F$2:$F$257) -> -1 | C12: =SUMPRODUCT((data!$A$2:$A$257=$A12)*(data!$G$2:$G$257=C$1)*data!$E$2:$E$257)+SUMPRODUCT((data!$B$2:$B$257=$A12)*(data!$H$2:$H$257=C$1)*data!$F$2:$F$257) -> -1 | D12: =SUMPRODUCT((data!$A$2:$A$257=$A12)*(data!$G$2:$G$257=D$1)*data!$E$2:$E$257)+SUMPRODUCT((data!$B$2:$B$257=$A12)*(data!$H$2:$H$257=D$1)*data!$F$2:$F$257) -> 1 | E12: =SUMPRODUCT((data!$A$2:$A$257=$A12)*(data!$G$2:$G$257=E$1)*data!$E$2:$E$257)+SUMPRODUCT((data!$B$2:$B$257=$A12)*(data!$H$2:$H$257=E$1)*data!$F$2:$F$257) -> -1 | F12: =SUMPRODUCT((data!$A$2:$A$257=$A12)*(data!$G$2:$G$257=F$1)*data!$E$2:$E$257)+SUMPRODUCT((data!$B$2:$B$257=$A12)*(data!$H$2:$H$257=F$1)*data!$F$2:$F$257) -> -1 | G12: =SUMPRODUCT((data!$A$2:$A$257=$A12)*(data!$G$2:$G$257=G$1)*data!$E$2:$E$257)+SUMPRODUCT((data!$B$2:$B$257=$A12)*(data!$H$2:$H$257=G$1)*data!$F$2:$F$257) -> -1 | H12: =SUMPRODUCT((data!$A$2:$A$257=$A12)*(data!$G$2:$G$257=H$1)*data!$E$2:$E$257)+SUMPRODUCT((data!$B$2:$B$257=$A12)*(data!$H$2:$H$257=H$1)*data!$F$2:$F$257) -> -1 | I12: =SUMPRODUCT((data!$A$2:$A$257=$A12)*(data!$G$2:$G$257=I$1)*data!$E$2:$E$257)+SUMPRODUCT((data!$B$2:$B$257=$A12)*(data!$H$2:$H$257=I$1)*data!$F$2:$F$257) -> -1 | ... Q12: =SUMPRODUCT((data!$A$2:$A$257=$A12)*(data!$G$2:$G$257=Q$1)*data!$E$2:$E$257)+SUMPRODUCT((data!$B$2:$B$257=$A12)*(data!$H$2:$H$257=Q$1)*data!$F$2:$F$257) -> -1 | S12: =COUNTIF(B12:Q12,1) -> 2 | T12: =COUNTIF(B12:Q12,-1) -> 14
A13: Green Bay Packers | B13: =SUMPRODUCT((data!$A$2:$A$257=$A13)*(data!$G$2:$G$257=B$1)*data!$E$2:$E$257)+SUMPRODUCT((data!$B$2:$B$257=$A13)*(data!$H$2:$H$257=B$1)*data!$F$2:$F$257) -> 1 | C13: =SUMPRODUCT((data!$A$2:$A$257=$A13)*(data!$G$2:$G$257=C$1)*data!$E$2:$E$257)+SUMPRODUCT((data!$B$2:$B$257=$A13)*(data!$H$2:$H$257=C$1)*data!$F$2:$F$257) -> -1 | D13: =SUMPRODUCT((data!$A$2:$A$257=$A13)*(data!$G$2:$G$257=D$1)*data!$E$2:$E$257)+SUMPRODUCT((data!$B$2:$B$257=$A13)*(data!$H$2:$H$257=D$1)*data!$F$2:$F$257) -> 1 | E13: =SUMPRODUCT((data!$A$2:$A$257=$A13)*(data!$G$2:$G$257=E$1)*data!$E$2:$E$257)+SUMPRODUCT((data!$B$2:$B$257=$A13)*(data!$H$2:$H$257=E$1)*data!$F$2:$F$257) -> -1 | F13: =SUMPRODUCT((data!$A$2:$A$257=$A13)*(data!$G$2:$G$257=F$1)*data!$E$2:$E$257)+SUMPRODUCT((data!$B$2:$B$257=$A13)*(data!$H$2:$H$257=F$1)*data!$F$2:$F$257) -> 1 | G13: =SUMPRODUCT((data!$A$2:$A$257=$A13)*(data!$G$2:$G$257=G$1)*data!$E$2:$E$257)+SUMPRODUCT((data!$B$2:$B$257=$A13)*(data!$H$2:$H$257=G$1)*data!$F$2:$F$257) -> 1 | H13: =SUMPRODUCT((data!$A$2:$A$257=$A13)*(data!$G$2:$G$257=H$1)*data!$E$2:$E$257)+SUMPRODUCT((data!$B$2:$B$257=$A13)*(data!$H$2:$H$257=H$1)*data!$F$2:$F$257) -> -1 | I13: =SUMPRODUCT((data!$A$2:$A$257=$A13)*(data!$G$2:$G$257=I$1)*data!$E$2:$E$257)+SUMPRODUCT((data!$B$2:$B$257=$A13)*(data!$H$2:$H$257=I$1)*data!$F$2:$F$257) -> -1 | ... Q13: =SUMPRODUCT((data!$A$2:$A$257=$A13)*(data!$G$2:$G$257=Q$1)*data!$E$2:$E$257)+SUMPRODUCT((data!$B$2:$B$257=$A13)*(data!$H$2:$H$257=Q$1)*data!$F$2:$F$257) -> 1 | S13: =COUNTIF(B13:Q13,1) -> 11 | T13: =COUNTIF(B13:Q13,-1) -> 5
... A33: Washington Redskins | B33: =SUMPRODUCT((data!$A$2:$A$257=$A33)*(data!$G$2:$G$257=B$1)*data!$E$2:$E$257)+SUMPRODUCT((data!$B$2:$B$257=$A33)*(data!$H$2:$H$257=B$1)*data!$F$2:$F$257) -> -1 | C33: =SUMPRODUCT((data!$A$2:$A$257=$A33)*(data!$G$2:$G$257=C$1)*data!$E$2:$E$257)+SUMPRODUCT((data!$B$2:$B$257=$A33)*(data!$H$2:$H$257=C$1)*data!$F$2:$F$257) -> 1 | D33: =SUMPRODUCT((data!$A$2:$A$257=$A33)*(data!$G$2:$G$257=D$1)*data!$E$2:$E$257)+SUMPRODUCT((data!$B$2:$B$257=$A33)*(data!$H$2:$H$257=D$1)*data!$F$2:$F$257) -> -1 | E33: =SUMPRODUCT((data!$A$2:$A$257=$A33)*(data!$G$2:$G$257=E$1)*data!$E$2:$E$257)+SUMPRODUCT((data!$B$2:$B$257=$A33)*(data!$H$2:$H$257=E$1)*data!$F$2:$F$257) -> 1 | F33: =SUMPRODUCT((data!$A$2:$A$257=$A33)*(data!$G$2:$G$257=F$1)*data!$E$2:$E$257)+SUMPRODUCT((data!$B$2:$B$257=$A33)*(data!$H$2:$H$257=F$1)*data!$F$2:$F$257) -> -1 | G33: =SUMPRODUCT((data!$A$2:$A$257=$A33)*(data!$G$2:$G$257=G$1)*data!$E$2:$E$257)+SUMPRODUCT((data!$B$2:$B$257=$A33)*(data!$H$2:$H$257=G$1)*data!$F$2:$F$257) -> -1 | H33: =SUMPRODUCT((data!$A$2:$A$257=$A33)*(data!$G$2:$G$257=H$1)*data!$E$2:$E$257)+SUMPRODUCT((data!$B$2:$B$257=$A33)*(data!$H$2:$H$257=H$1)*data!$F$2:$F$257) -> -1 | I33: =SUMPRODUCT((data!$A$2:$A$257=$A33)*(data!$G$2:$G$257=I$1)*data!$E$2:$E$257)+SUMPRODUCT((data!$B$2:$B$257=$A33)*(data!$H$2:$H$257=I$1)*data!$F$2:$F$257) -> -1 | ... Q33: =SUMPRODUCT((data!$A$2:$A$257=$A33)*(data!$G$2:$G$257=Q$1)*data!$E$2:$E$257)+SUMPRODUCT((data!$B$2:$B$257=$A33)*(data!$H$2:$H$257=Q$1)*data!$F$2:$F$257) -> -1 | S33: =COUNTIF(B33:Q33,1) -> 4 | T33: =COUNTIF(B33:Q33,-1) -> 12
A35: Total | S35: =SUM(S2:S33) -> 256 | T35: =SUM(T2:T33) -> 256
A36: ="Check: number of games in data = "&COUNTA(data!A2:A257)&" - total wins and total losses must both be equal to it" -> Check: number of games in data = 256 - total wins and total losses must both be equal to it
A38: How it was done: on the data sheet, helper columns E:F give each game's result for the home and away team (1 = win, -1 = loss) and columns G:H give the game number of each team (running COUNTIF).
A39: Each cell in B:Q picks the team's n-th game with SUMPRODUCT; column R is a Win/Loss sparkline over B:Q (Insert > Sparklines > Win/Loss), and B:Q are coloured with conditional formatting.
